,AAPL,MSFT,GOOGL,AMZN,TSLA,JPM,XOM,GLD
AAPL,0.0003981877361237815,0.00028394452080797406,0.00026469430817837176,0.0002773990358677609,0.0003724641222316374,0.00017647557921285923,0.00013392874748021852,1.3050787063749893e-05
MSFT,0.00028394452080797406,0.00036009754472111346,0.00028640764591452084,0.00029446882579977035,0.00033845653000483445,0.00016985687983467037,0.00011621457389682757,1.2799171390579772e-05
GOOGL,0.00026469430817837176,0.00028640764591452084,0.00038694664396948455,0.00029394576812132966,0.0003149381982949908,0.00017151046854506176,0.00013091191813359557,1.2912853162636556e-05
AMZN,0.0002773990358677609,0.00029446882579977035,0.00029394576812132966,0.0004963426477836846,0.0003785806831259659,0.00013141831088378563,8.684816266978675e-05,1.8539917942882337e-05
TSLA,0.0003724641222316374,0.00033845653000483445,0.0003149381982949908,0.0003785806831259659,0.0016135716250650126,0.0002128552538592134,0.00014879926932424967,2.350961871484696e-05
JPM,0.00017647557921285923,0.00016985687983467037,0.00017151046854506176,0.00013141831088378563,0.0002128552538592134,0.00036895508363994053,0.00023049982313563434,-9.330770247299312e-06
XOM,0.00013392874748021852,0.00011621457389682757,0.00013091191813359557,8.684816266978675e-05,0.00014879926932424967,0.00023049982313563434,0.0004204250782800456,1.0505741107439584e-05
GLD,1.3050787063749893e-05,1.2799171390579772e-05,1.2912853162636556e-05,1.8539917942882337e-05,2.350961871484696e-05,-9.330770247299312e-06,1.0505741107439584e-05,7.998862572060831e-05
